"","fechas"
"1",2014-04-13
"2",2014-04-14
"3",2014-04-15
"4",2014-04-16
"5",2014-04-17
"6",2014-04-18
"7",2014-04-19
"8",2015-03-29
"9",2015-03-30
"10",2015-03-31
"11",2015-04-01
"12",2015-04-02
"13",2015-04-03
"14",2015-04-04
"15",2016-03-20
"16",2016-03-21
"17",2016-03-22
"18",2016-03-23
"19",2016-03-24
"20",2016-03-25
"21",2016-03-26
"22",2017-04-09
"23",2017-04-10
"24",2017-04-11
"25",2017-04-12
"26",2017-04-13
"27",2017-04-14
"28",2017-04-15
"29",2018-03-25
"30",2018-03-26
"31",2018-03-27
"32",2018-03-28
"33",2018-03-29
"34",2018-03-30
"35",2018-03-31
